id,mean_fare,std_fare,batas_min_fare,batas_max_fare
1,13.675550101832997,11.7781417043873,-21.658875011328902,49.009975214994896
2,84.15468749999992,78.38037264672884,-150.9864304401866,319.2958054401864
3,20.66218315217391,13.417398756149332,-19.590013116274086,60.914379420621906
